platform,log_bin_center,share
moltbook,0.8274,0.18419
moltbook,1.096,0.10385
moltbook,1.3646,0.07969
moltbook,1.6331,0.07511
moltbook,1.9017,0.08524
moltbook,2.1702,0.07348
moltbook,2.4388,0.04931
moltbook,2.7074,0.04801
moltbook,2.9759,0.03233
moltbook,3.2445,0.03788
moltbook,3.5131,0.05944
moltbook,3.7816,0.05323
moltbook,4.0502,0.01992
moltbook,4.3188,0.0196
moltbook,4.5873,0.01698
moltbook,4.8559,0.01502
moltbook,5.1244,0.01927
moltbook,5.393,0.00816
moltbook,5.6616,0.00751
moltbook,5.9301,0.00425
moltbook,6.1987,0.00196
moltbook,6.4673,0.00098
moltbook,6.7358,0.00163
moltbook,7.0044,0.00131
moltbook,7.273,0.00065
moltbook,7.5415,0.00065
moltbook,7.8101,0.0
moltbook,8.0786,0.0
moltbook,8.3472,0.0
moltbook,8.6158,0.00033
reddit,0.8185,0.73121
reddit,1.0693,0.13978
reddit,1.32,0.05112
reddit,1.5708,0.02556
reddit,1.8215,0.02317
reddit,2.0723,0.01122
reddit,2.3231,0.00544
reddit,2.5738,0.00504
reddit,2.8246,0.00405
reddit,3.0753,0.00129
reddit,3.3261,0.00092
reddit,3.5768,0.00051
reddit,3.8276,0.00048
reddit,4.0783,4e-05
reddit,4.3291,7e-05
reddit,4.5799,4e-05
reddit,4.8306,0.0
reddit,5.0814,4e-05
reddit,5.3321,0.0
reddit,5.5829,0.0
reddit,5.8336,0.0
reddit,6.0844,0.0
reddit,6.3352,0.0
reddit,6.5859,0.0
reddit,6.8367,0.0
reddit,7.0874,0.0
reddit,7.3382,0.0
reddit,7.5889,0.0
reddit,7.8397,0.0
reddit,8.0904,4e-05
