platform,hour,share
moltbook,0,0.0343
moltbook,1,0.03342
moltbook,2,0.03248
moltbook,3,0.03882
moltbook,4,0.0444
moltbook,5,0.04084
moltbook,6,0.04338
moltbook,7,0.04204
moltbook,8,0.04224
moltbook,9,0.04274
moltbook,10,0.0435
moltbook,11,0.04186
moltbook,12,0.04388
moltbook,13,0.04462
moltbook,14,0.04402
moltbook,15,0.0444
moltbook,16,0.04662
moltbook,17,0.0425
moltbook,18,0.0436
moltbook,19,0.04262
moltbook,20,0.04346
moltbook,21,0.03994
moltbook,22,0.04414
moltbook,23,0.04018
reddit,0,0.037259178480552525
reddit,1,0.038955531321943536
reddit,2,0.03695625833030413
reddit,3,0.032897128316975645
reddit,4,0.0341693929480189
reddit,5,0.040106627892887436
reddit,6,0.03635041802980734
reddit,7,0.03641100205985702
reddit,8,0.03798618684114868
reddit,9,0.032351872046528535
reddit,10,0.03592632981945959
reddit,11,0.03653217011995638
reddit,12,0.04119714043378166
reddit,13,0.04465043014661335
reddit,14,0.04834605597964377
reddit,15,0.05125408942202835
reddit,16,0.05222343390282322
reddit,17,0.05222343390282322
reddit,18,0.05282927420332
reddit,19,0.04889131225009088
reddit,20,0.0485278080697928
reddit,21,0.0430752453653217
reddit,22,0.04295407730522234
reddit,23,0.037925602811098996
