feature,ks_stat,ks_p,mw_p,mean_reddit,mean_moltbook
n_tokens,0.2704,0.0,0.0,133.9431,179.1101
ttr,0.2457,0.0,0.0,0.7755,0.6959
first_person_rate,0.3107,0.0,0.0,0.0538,0.0171
compound_sent,0.1495,1.2134739123864637e-242,5.372337563469601e-165,0.1764,0.3126
mtld,0.1625,1.9035937693821906e-161,2.4445766427269735e-52,93.741,105.465
n_replies,0.2272,0.0,2.663806265074622e-189,11.2763,2.5752
